[
  {
    "name": "theme_info",
    "theme_name": "3 Cat Garage",
    "theme_version": "2.0.0",
    "theme_author": "Custom",
    "theme_documentation_url": "",
    "theme_support_url": ""
  },
  {
    "name": "Colors",
    "settings": [
      {
        "type": "color",
        "id": "color_primary",
        "label": "Primary Accent Color",
        "default": "#D4AF37"
      },
      {
        "type": "color",
        "id": "color_accent",
        "label": "Secondary Accent Color",
        "default": "#ff3366"
      },
      {
        "type": "color",
        "id": "color_text",
        "label": "Text Color",
        "default": "#e8e8e8"
      },
      {
        "type": "color",
        "id": "color_background",
        "label": "Background Color",
        "default": "#0a0a0a"
      },
      {
        "type": "color",
        "id": "color_surface",
        "label": "Surface Color (Cards, etc)",
        "default": "#1a1a1a"
      },
      {
        "type": "color",
        "id": "color_border",
        "label": "Border Color",
        "default": "#2a2a2a"
      }
    ]
  },
  {
    "name": "Typography",
    "settings": [
      {
        "type": "font_picker",
        "id": "type_header_font",
        "label": "Heading Font",
        "default": "assistant_n4"
      },
      {
        "type": "font_picker",
        "id": "type_body_font",
        "label": "Body Font",
        "default": "assistant_n4"
      }
    ]
  },
  {
    "name": "Car Parts Settings",
    "settings": [
      {
        "type": "checkbox",
        "id": "enable_vehicle_search",
        "label": "Enable Vehicle Fitment Search",
        "default": true
      },
      {
        "type": "checkbox",
        "id": "show_compatibility_badge",
        "label": "Show Compatibility Badge on Products",
        "default": true
      },
      {
        "type": "text",
        "id": "default_shipping_message",
        "label": "Default Shipping Message",
        "default": "Free shipping on orders over $50"
      }
    ]
  }
]
